NPRODUCTO,CONCURSO,F1,F2,F3,F4,F5,F6,F7,BOLSA,FECHA
30,1003,2,4,10,28,33,39,3,5000000,2020-01-07
30,1002,13,14,21,30,31,33,22,36900000,2020-01-04
30,1001,10,14,16,29,33,35,31,35000000,2019-12-31
30,1000,2,4,5,14,34,39,36,32900000,2019-12-28
30,999,15,26,34,37,38,39,10,31400000,2019-12-24
30,998,6,10,11,26,27,29,21,29600000,2019-12-21
30,997,1,8,13,14,20,28,19,27800000,2019-12-17
30,996,5,12,14,32,34,39,19,25900000,2019-12-14
30,995,8,10,11,15,25,38,29,24200000,2019-12-10
30,994,3,7,14,19,22,38,33,22400000,2019-12-07
30,993,1,4,11,12,27,36,24,20800000,2019-12-03
30,992,1,2,3,6,18,34,11,19000000,2019-11-30
30,991,6,19,22,27,37,38,2,17400000,2019-11-26
30,990,2,8,13,27,36,37,3,16000000,2019-11-23
30,989,7,8,11,26,36,38,3,14500000,2019-11-19
30,988,1,4,7,23,25,27,8,12800000,2019-11-16
30,987,2,4,11,14,22,33,21,11500000,2019-11-12
30,986,1,17,25,30,32,33,21,10000000,2019-11-09
30,985,7,9,13,17,24,34,26,8600000,2019-11-05
30,984,4,5,10,15,26,27,7,7400000,2019-11-02
30,983,1,11,13,28,33,36,2,6400000,2019-10-29
30,982,2,4,8,10,14,16,30,5300000,2019-10-26
30,981,6,9,21,25,31,35,4,5200000,2019-10-22
30,980,1,9,12,15,33,34,23,5100000,2019-10-19
30,979,4,15,17,18,23,36,13,5000000,2019-10-15
30,978,18,19,28,29,31,33,27,52000000,2019-10-12
30,977,8,10,13,15,32,34,37,49900000,2019-10-08
30,976,5,7,10,11,27,30,16,47900000,2019-10-05
30,975,3,10,14,23,26,33,13,45800000,2019-10-01
30,974,12,14,18,22,23,30,31,43600000,2019-09-28
30,973,1,10,12,18,20,24,34,41500000,2019-09-24
30,972,3,10,13,18,26,34,33,39500000,2019-09-21
30,971,3,12,13,17,25,37,10,37900000,2019-09-17
30,970,5,17,20,28,30,36,25,35900000,2019-09-14
30,969,17,22,26,27,36,38,39,34200000,2019-09-10
30,968,6,21,22,30,32,38,8,32400000,2019-09-07
30,967,1,15,33,35,38,39,32,30500000,2019-09-03
30,966,2,8,15,30,32,37,31,28500000,2019-08-31
30,965,1,9,11,14,20,22,7,27000000,2019-08-27
30,964,5,6,12,16,36,37,26,25500000,2019-08-24
30,963,16,17,19,25,26,37,30,23900000,2019-08-20
30,962,5,6,27,29,34,35,26,22300000,2019-08-17
30,961,7,8,15,25,31,35,11,20700000,2019-08-13
30,960,9,14,17,30,36,37,11,19200000,2019-08-10
30,959,4,6,7,15,16,25,34,17800000,2019-08-06
30,958,8,10,17,18,36,39,33,16000000,2019-08-03
30,957,23,24,25,26,28,30,19,14800000,2019-07-30
30,956,13,15,26,32,38,39,9,13400000,2019-07-27
30,955,2,7,14,15,30,36,28,12200000,2019-07-23
30,954,3,11,21,23,24,38,35,10800000,2019-07-20
30,953,20,26,29,31,37,38,22,9400000,2019-07-16
30,952,1,4,10,26,27,33,7,8000000,2019-07-13
30,951,1,3,4,12,17,32,16,7000000,2019-07-09
30,950,7,12,17,21,24,37,14,5800000,2019-07-06
30,949,17,20,22,24,29,31,11,5300000,2019-07-02
30,948,1,8,12,17,18,23,31,5200000,2019-06-29
30,947,4,6,9,16,27,33,24,5100000,2019-06-25
30,946,6,8,18,21,23,32,4,5000000,2019-06-22
30,945,1,8,23,24,29,37,38,5300000,2019-06-18
30,944,2,25,27,31,33,38,9,5200000,2019-06-15
30,943,4,6,11,23,28,35,22,5100000,2019-06-11
30,942,2,3,6,9,21,34,31,5000000,2019-06-08
30,941,1,7,12,25,29,35,15,5000000,2019-06-04
30,940,2,7,14,19,24,37,5,5200000,2019-06-01
30,939,5,13,21,22,23,36,8,5100000,2019-05-28
30,938,3,6,17,24,25,33,5,5000000,2019-05-25
30,937,8,10,14,22,29,36,7,21800000,2019-05-21
30,936,2,4,11,22,26,35,31,20200000,2019-05-18
30,935,8,22,23,24,35,37,17,18800000,2019-05-14
30,934,8,9,11,16,21,32,31,17400000,2019-05-11
30,933,2,6,11,26,37,38,21,16000000,2019-05-07
30,932,12,13,26,29,35,39,15,14600000,2019-05-04
30,931,9,13,16,19,30,39,12,13300000,2019-04-30
30,930,2,7,17,22,32,36,27,12000000,2019-04-27
30,929,10,12,18,28,32,37,19,10500000,2019-04-23
30,928,9,12,26,28,31,36,20,9300000,2019-04-20
30,927,4,10,13,14,16,25,6,8300000,2019-04-16
30,926,4,10,30,37,38,39,35,7200000,2019-04-13
30,925,2,3,28,33,38,39,5,6000000,2019-04-09
30,924,4,5,8,15,34,35,32,5300000,2019-04-06
30,923,1,9,19,23,25,29,30,5200000,2019-04-02
30,922,11,13,23,30,31,33,37,5100000,2019-03-30
30,921,1,2,4,6,20,28,18,5000000,2019-03-26
30,920,2,7,8,9,24,28,22,5100000,2019-03-23
30,919,9,13,19,27,33,36,7,5000000,2019-03-19
30,918,2,5,8,25,35,38,39,46500000,2019-03-16
30,917,4,6,13,14,21,32,22,44700000,2019-03-12
30,916,1,6,10,18,32,37,27,42700000,2019-03-09
30,915,9,16,17,20,24,39,13,41000000,2019-03-05
30,914,7,8,11,14,26,38,18,39000000,2019-03-02
30,913,5,6,7,9,25,32,27,37600000,2019-02-26
30,912,7,8,15,16,24,28,18,36000000,2019-02-23
30,911,6,9,10,11,13,21,15,34300000,2019-02-19
30,910,10,20,21,25,35,39,3,32600000,2019-02-16
30,909,5,6,11,20,28,29,17,31000000,2019-02-12
30,908,2,12,13,20,23,29,10,29400000,2019-02-09
30,907,8,9,17,20,25,30,37,27800000,2019-02-05
30,906,7,8,10,19,20,30,29,26000000,2019-02-02
30,905,2,19,23,28,29,35,12,24600000,2019-01-29
30,904,2,5,12,14,25,29,30,23000000,2019-01-26
30,903,9,10,12,21,27,38,26,21600000,2019-01-22
30,902,4,5,6,14,21,35,32,20000000,2019-01-19
30,901,9,11,13,14,23,30,6,18700000,2019-01-15
30,900,17,18,25,27,34,36,1,17300000,2019-01-12
30,899,8,18,24,26,27,39,35,16000000,2019-01-08
30,898,16,20,24,26,27,29,1,14500000,2019-01-05
30,897,4,5,6,8,14,32,38,13000000,2019-01-01
30,896,10,16,28,29,32,33,36,11700000,2018-12-29
30,895,6,8,22,24,30,34,5,10900000,2018-12-25
30,894,2,4,5,8,15,34,13,9600000,2018-12-22
30,893,1,22,25,27,29,33,23,8800000,2018-12-18
30,892,4,15,21,23,25,32,26,7600000,2018-12-15
30,891,2,8,21,22,30,34,9,6400000,2018-12-11
30,890,2,9,10,19,26,30,14,5400000,2018-12-08
30,889,6,9,12,25,33,37,26,5300000,2018-12-04
30,888,7,19,21,28,38,39,6,5200000,2018-12-01
30,887,8,15,19,32,35,37,17,5100000,2018-11-27
30,886,10,12,23,28,35,36,19,5000000,2018-11-24
30,885,1,8,14,15,18,38,31,5000000,2018-11-20
30,884,1,3,15,22,24,27,16,5300000,2018-11-17
30,883,3,13,15,24,30,32,16,5200000,2018-11-13
30,882,1,9,11,22,26,32,6,5100000,2018-11-10
30,881,15,16,21,22,27,29,19,5000000,2018-11-06
30,880,5,19,25,34,35,39,31,5200000,2018-11-03
30,879,15,21,29,34,38,39,32,5100000,2018-10-30
30,878,11,14,16,29,36,37,25,5000000,2018-10-27
30,877,13,14,28,31,33,37,6,11200000,2018-10-23
30,876,18,24,25,28,31,38,9,10000000,2018-10-20
30,875,8,16,20,21,26,36,6,8900000,2018-10-16
30,874,15,20,24,29,31,39,4,7700000,2018-10-13
30,873,9,13,19,26,32,37,6,6600000,2018-10-09
30,872,1,8,13,14,19,35,38,5400000,2018-10-06
30,871,3,7,10,17,18,20,8,5300000,2018-10-02
30,870,10,14,24,26,29,30,32,5200000,2018-09-29
30,869,7,13,16,26,29,39,14,5100000,2018-09-25
30,868,6,9,14,15,16,30,7,5000000,2018-09-22
30,867,1,6,9,11,21,31,5,15900000,2018-09-18
30,866,3,13,19,29,30,38,18,14500000,2018-09-15
30,865,6,10,11,35,37,38,14,13300000,2018-09-11
30,864,3,4,7,25,31,35,11,12000000,2018-09-08
30,863,4,14,24,32,34,39,10,10800000,2018-09-04
30,862,2,13,25,27,29,39,15,9600000,2018-09-01
30,861,2,4,6,21,27,31,25,8500000,2018-08-28
30,860,1,7,12,25,31,34,13,7500000,2018-08-25
30,859,9,14,24,26,31,37,13,6400000,2018-08-21
30,858,7,9,22,26,27,37,35,5400000,2018-08-18
30,857,11,14,18,23,24,30,27,5300000,2018-08-14
30,856,6,21,23,26,29,31,3,5200000,2018-08-11
30,855,2,10,18,19,30,37,31,5100000,2018-08-07
30,854,8,12,15,22,25,37,17,5000000,2018-08-04
30,853,3,15,16,18,25,34,1,5200000,2018-07-31
30,852,6,9,10,17,23,37,14,5100000,2018-07-28
30,851,2,5,16,23,35,36,29,5000000,2018-07-24
30,850,6,7,9,13,14,26,12,22300000,2018-07-21
30,849,1,4,7,11,25,39,24,20900000,2018-07-17
30,848,2,11,14,15,19,26,9,19500000,2018-07-14
30,847,2,18,26,31,33,35,5,18300000,2018-07-10
30,846,2,26,28,31,33,37,21,17000000,2018-07-07
30,845,2,3,4,11,15,29,19,15700000,2018-07-03
30,844,1,9,11,14,32,38,24,14300000,2018-06-30
30,843,15,17,23,25,35,39,3,13000000,2018-06-26
30,842,2,3,12,14,28,39,17,12000000,2018-06-23
30,841,1,8,18,22,26,34,29,10800000,2018-06-19
30,840,8,21,24,30,32,38,28,9500000,2018-06-16
30,839,6,11,18,20,31,35,26,8500000,2018-06-12
30,838,5,6,12,13,15,21,38,7400000,2018-06-09
30,837,4,16,19,29,32,35,11,6200000,2018-06-05
30,836,3,8,13,19,28,32,27,5400000,2018-06-02
30,835,3,12,15,23,32,36,8,5300000,2018-05-29
30,834,7,12,13,16,30,39,22,5200000,2018-05-26
30,833,3,9,25,30,36,39,19,5100000,2018-05-22
30,832,4,12,13,23,24,25,29,5000000,2018-05-19
30,831,6,7,11,27,32,33,34,34700000,2018-05-15
30,830,16,18,26,27,29,38,6,33000000,2018-05-12
30,829,2,11,18,19,27,30,23,31500000,2018-05-08
30,828,1,5,6,24,28,39,16,29800000,2018-05-05
30,827,1,14,18,21,29,39,5,28500000,2018-05-01
30,826,3,7,12,16,17,19,20,27000000,2018-04-28
30,825,3,9,12,15,21,36,33,25700000,2018-04-24
30,824,3,16,18,31,36,38,37,24300000,2018-04-21
30,823,9,16,22,25,30,31,33,22900000,2018-04-17
30,822,2,4,9,19,22,37,26,21400000,2018-04-14
30,821,2,8,28,32,36,39,5,20200000,2018-04-10
30,820,2,3,8,16,20,30,31,18600000,2018-04-07
30,819,6,11,19,26,30,37,22,17400000,2018-04-03
30,818,3,5,23,28,33,34,2,16300000,2018-03-31
30,817,2,6,11,18,27,32,5,15200000,2018-03-27
30,816,14,22,25,26,29,36,3,14000000,2018-03-24
30,815,1,12,14,26,28,30,32,12800000,2018-03-20
30,814,3,13,16,24,29,37,26,11600000,2018-03-17
30,813,1,3,11,16,20,22,29,10500000,2018-03-13
30,812,3,22,25,28,30,36,10,9500000,2018-03-10
30,811,5,7,13,26,30,33,31,8500000,2018-03-06
30,810,10,17,28,34,36,38,26,7100000,2018-03-03
30,809,3,13,17,27,36,37,29,6000000,2018-02-27
30,808,8,12,13,15,24,26,16,5400000,2018-02-24
30,807,12,26,29,33,37,38,5,5300000,2018-02-20
30,806,4,9,24,25,34,38,39,5200000,2018-02-17
30,805,8,9,14,19,27,34,39,5100000,2018-02-13
30,804,5,19,23,28,29,39,35,5000000,2018-02-10
30,803,2,5,21,27,28,36,31,5200000,2018-02-06
30,802,2,4,8,33,34,36,26,5100000,2018-02-03
30,801,10,12,15,19,20,21,29,5000000,2018-01-30
30,800,7,8,12,23,26,29,3,9500000,2018-01-27
30,799,12,18,23,24,28,32,15,8500000,2018-01-23
30,798,9,14,15,26,34,37,23,7500000,2018-01-20
30,797,8,15,23,25,30,36,33,6500000,2018-01-16
30,796,11,13,16,27,36,39,29,5400000,2018-01-13
30,795,2,10,13,35,36,38,17,5300000,2018-01-09
30,794,5,14,20,26,30,37,24,5200000,2018-01-06
30,793,2,6,8,14,19,29,5,5100000,2018-01-02
30,792,5,7,8,9,27,28,16,5000000,2017-12-30
30,791,3,8,20,25,31,34,22,35000000,2017-12-26
30,790,3,4,5,10,17,29,25,33000000,2017-12-23
30,789,2,6,7,11,26,31,18,31700000,2017-12-19
30,788,2,6,15,24,31,36,37,30000000,2017-12-16
30,787,5,12,18,33,34,38,11,28600000,2017-12-12
30,786,9,10,14,20,23,36,5,27000000,2017-12-09
30,785,1,4,5,12,17,36,26,25500000,2017-12-05
30,784,12,15,23,33,37,39,6,24000000,2017-12-02
30,783,4,10,22,27,30,35,19,23000000,2017-11-28
30,782,5,6,20,22,24,26,3,21500000,2017-11-25
30,781,1,7,10,14,22,36,17,20500000,2017-11-21
30,780,3,15,20,24,31,39,10,19000000,2017-11-18
30,779,10,18,19,21,32,39,35,18000000,2017-11-14
30,778,10,16,18,19,23,38,8,16500000,2017-11-11
30,777,7,13,23,24,32,34,12,15500000,2017-11-07
30,776,7,16,21,29,38,39,12,14500000,2017-11-04
30,775,4,11,17,23,30,36,31,13500000,2017-10-31
30,774,2,3,13,15,33,34,19,12000000,2017-10-28
30,773,10,11,15,16,34,38,8,11000000,2017-10-24
30,772,4,19,23,26,30,34,17,10000000,2017-10-21
30,771,5,12,18,23,26,38,3,9000000,2017-10-17
30,770,7,12,20,25,26,29,3,8000000,2017-10-14
30,769,1,4,9,14,16,36,3,7000000,2017-10-10
30,768,16,22,26,32,33,38,31,6000000,2017-10-07
30,767,6,9,13,20,35,37,32,5500000,2017-10-03
30,766,6,21,22,26,27,34,30,5400000,2017-09-30
30,765,9,13,26,28,33,38,7,5300000,2017-09-26
30,764,15,20,21,24,32,33,14,5200000,2017-09-23
30,763,12,21,25,27,29,32,38,5100000,2017-09-19
30,762,4,7,13,23,25,33,21,5000000,2017-09-16
30,761,2,13,19,25,37,38,15,5000000,2017-09-12
30,760,1,4,7,15,23,29,20,13000000,2017-09-09
30,759,1,8,9,11,30,35,34,12000000,2017-09-05
30,758,6,8,10,25,36,39,11,10500000,2017-09-02
30,757,3,10,15,18,36,39,38,9500000,2017-08-29
30,756,1,13,22,31,32,34,10,8500000,2017-08-26
30,755,5,9,12,19,28,33,29,7500000,2017-08-22
30,754,4,6,10,11,16,19,32,6500000,2017-08-19
30,753,2,5,7,16,18,38,33,5500000,2017-08-15
30,752,5,22,26,29,33,34,13,5400000,2017-08-12
30,751,15,23,26,27,33,34,14,5300000,2017-08-08
30,750,14,16,24,32,36,37,2,5200000,2017-08-05
30,749,6,9,11,27,28,38,8,5100000,2017-08-01
30,748,2,3,7,8,11,16,30,5000000,2017-07-29
30,747,4,8,11,22,36,37,10,5000000,2017-07-25
30,746,9,11,19,27,33,37,7,11500000,2017-07-22
30,745,14,15,21,25,36,39,34,10500000,2017-07-18
30,744,2,4,7,10,11,18,20,9500000,2017-07-15
30,743,12,20,23,27,31,39,25,8500000,2017-07-11
30,742,2,6,7,13,16,23,26,7500000,2017-07-08
30,741,2,8,22,30,34,36,39,6500000,2017-07-04
30,740,3,13,15,27,33,39,16,5500000,2017-07-01
30,739,17,20,22,29,31,34,15,5400000,2017-06-27
30,738,2,7,14,16,23,27,35,5300000,2017-06-24
30,737,8,16,20,28,30,34,39,5200000,2017-06-20
30,736,2,4,11,14,25,37,31,5100000,2017-06-17
30,735,5,16,21,30,32,37,13,5000000,2017-06-13
30,734,2,3,13,26,30,31,34,5200000,2017-06-10
30,733,2,5,6,13,28,31,27,5100000,2017-06-06
30,732,4,10,13,23,36,39,7,5000000,2017-06-03
30,731,1,6,28,29,36,38,2,23500000,2017-05-30
30,730,1,17,25,27,28,38,3,22500000,2017-05-27
30,729,9,14,17,18,30,35,19,21500000,2017-05-23
30,728,8,9,16,29,36,37,19,20000000,2017-05-20
30,727,1,4,12,21,31,38,20,18500000,2017-05-16
30,726,11,16,24,33,37,38,4,17500000,2017-05-13
30,725,2,11,17,20,28,34,31,16500000,2017-05-09
30,724,11,16,24,32,34,35,38,15000000,2017-05-06
30,723,2,11,20,25,26,38,22,14000000,2017-05-02
30,722,9,13,16,20,22,34,31,13000000,2017-04-29
30,721,8,17,22,27,31,38,3,12000000,2017-04-25
30,720,2,5,16,18,21,27,35,11000000,2017-04-22
30,719,7,15,28,29,34,37,20,10000000,2017-04-18
30,718,2,4,9,12,19,21,32,9000000,2017-04-15
30,717,22,25,26,29,33,38,5,8000000,2017-04-11
30,716,1,15,25,30,34,36,9,7000000,2017-04-08
30,715,2,11,15,18,19,25,12,6000000,2017-04-04
30,714,15,17,23,24,26,27,2,5500000,2017-04-01
30,713,2,6,11,24,32,35,22,5400000,2017-03-28
30,712,1,6,9,25,32,35,4,5300000,2017-03-25
30,711,6,13,14,18,24,26,5,5200000,2017-03-21
30,710,8,17,23,27,33,38,1,5100000,2017-03-18
30,709,14,21,22,23,25,32,17,5000000,2017-03-14
30,708,5,17,20,21,28,32,3,30500000,2017-03-11
30,707,9,18,21,23,24,38,31,29000000,2017-03-07
30,706,4,26,32,34,38,39,7,27500000,2017-03-04
30,705,2,7,8,16,32,38,21,26500000,2017-02-28
30,704,6,13,20,27,28,35,15,25000000,2017-02-25
30,703,1,8,9,13,36,37,22,24000000,2017-02-21
30,702,2,8,12,22,23,30,11,23000000,2017-02-18
30,701,11,24,26,27,35,38,23,21500000,2017-02-14
30,700,2,5,8,18,25,31,22,20500000,2017-02-11
30,699,5,6,20,26,28,37,35,19500000,2017-02-07
30,698,5,9,20,33,34,39,18,18000000,2017-02-04
30,697,3,4,11,36,38,39,5,17000000,2017-01-31
30,696,4,5,22,23,24,36,30,16000000,2017-01-28
30,695,6,13,15,28,31,34,17,15000000,2017-01-24
30,694,8,11,15,20,36,37,31,14000000,2017-01-21
30,693,16,18,22,25,32,37,30,12500000,2017-01-17
30,692,3,15,26,27,35,37,30,11500000,2017-01-14
30,691,1,2,6,13,29,32,36,10500000,2017-01-10
30,690,16,17,18,23,30,34,4,9500000,2017-01-07
30,689,11,18,22,28,30,38,9,8500000,2017-01-03
30,688,1,3,10,11,29,39,26,7500000,2016-12-31
30,687,21,22,26,30,35,36,16,6000000,2016-12-27
30,686,2,10,24,30,38,39,7,5500000,2016-12-24
30,685,7,22,24,25,28,29,2,5400000,2016-12-20
30,684,2,6,15,20,22,30,23,5300000,2016-12-17
30,683,8,12,19,30,31,39,25,5200000,2016-12-13
30,682,7,13,17,23,28,31,30,5100000,2016-12-10
30,681,8,15,23,24,25,32,34,5000000,2016-12-06
30,680,1,7,14,17,33,35,34,17500000,2016-12-03
30,679,4,6,9,16,35,36,38,16000000,2016-11-29
30,678,1,12,13,26,38,39,20,15000000,2016-11-26
30,677,1,4,6,12,16,20,37,14000000,2016-11-22
30,676,1,7,10,11,18,19,28,13000000,2016-11-19
30,675,1,13,15,26,32,39,10,12000000,2016-11-15
30,674,7,23,31,35,37,39,20,11000000,2016-11-12
30,673,18,24,28,29,34,38,14,10000000,2016-11-08
30,672,1,11,12,22,33,34,27,9000000,2016-11-05
30,671,7,10,12,27,32,39,15,8000000,2016-11-01
30,670,9,10,19,21,28,33,3,7000000,2016-10-29
30,669,5,11,16,20,30,34,27,6000000,2016-10-25
30,668,2,18,19,26,28,31,15,5500000,2016-10-22
30,667,4,8,15,21,26,32,37,5400000,2016-10-18
30,666,13,17,20,25,35,38,10,5300000,2016-10-15
30,665,4,6,21,25,34,36,9,5200000,2016-10-11
30,664,4,5,7,14,21,26,8,5100000,2016-10-08
30,663,8,19,20,25,26,39,36,5000000,2016-10-04
30,662,3,8,11,16,18,34,15,5400000,2016-10-01
30,661,12,13,16,20,21,22,33,5300000,2016-09-27
30,660,4,8,18,25,27,28,14,5200000,2016-09-24
30,659,6,13,21,27,32,36,29,5100000,2016-09-20
30,658,4,14,16,18,27,36,30,5000000,2016-09-17
30,657,7,11,17,31,34,38,5,20000000,2016-09-13
30,656,5,6,7,18,36,39,14,18500000,2016-09-10
30,655,7,15,19,26,36,38,14,17500000,2016-09-06
30,654,2,23,27,28,36,37,5,16000000,2016-09-03
30,653,11,16,26,27,35,36,8,15000000,2016-08-30
30,652,3,7,10,17,28,37,22,14000000,2016-08-27
30,651,3,24,25,27,34,35,22,13000000,2016-08-23
30,650,1,4,10,25,30,33,8,12000000,2016-08-20
30,649,13,15,29,31,32,36,23,11000000,2016-08-16
30,648,4,12,21,30,33,36,10,10000000,2016-08-13
30,647,1,10,26,29,33,38,20,9000000,2016-08-09
30,646,10,12,13,18,27,36,8,8000000,2016-08-06
30,645,1,15,17,29,30,35,20,7000000,2016-08-02
30,644,2,5,11,16,27,32,10,6000000,2016-07-30
30,643,11,14,16,28,38,39,37,5500000,2016-07-26
30,642,13,18,21,31,33,36,25,5400000,2016-07-23
30,641,11,24,25,27,30,34,36,5300000,2016-07-19
30,640,4,14,17,22,26,29,30,5200000,2016-07-16
30,639,6,7,11,27,37,39,12,5100000,2016-07-12
30,638,2,6,14,21,31,35,32,5000000,2016-07-09
30,637,3,4,8,26,29,33,2,26000000,2016-07-05
30,636,1,7,8,10,22,33,28,24500000,2016-07-02
30,635,5,8,11,14,17,28,26,23500000,2016-06-28
30,634,10,15,22,27,31,32,17,22000000,2016-06-25
30,633,3,8,12,29,32,33,5,21000000,2016-06-21
30,632,3,4,22,24,29,32,23,20000000,2016-06-18
30,631,2,5,7,15,19,23,28,19000000,2016-06-14
30,630,8,9,13,14,21,30,29,18000000,2016-06-11
30,629,7,8,18,19,23,31,2,17000000,2016-06-07
30,628,4,15,16,21,23,26,6,15900000,2016-06-04
30,627,13,16,24,28,37,39,5,15000000,2016-05-31
30,626,2,4,8,20,27,31,30,14000000,2016-05-28
30,625,5,9,14,18,20,25,1,13000000,2016-05-24
30,624,4,28,29,33,34,38,15,12000000,2016-05-21
30,623,10,11,15,16,32,35,30,11000000,2016-05-17
30,622,4,22,23,31,32,38,36,10000000,2016-05-14
30,621,7,11,14,16,17,23,22,9000000,2016-05-10
30,620,4,6,14,26,36,37,30,8000000,2016-05-07
30,619,1,13,15,26,29,34,24,7000000,2016-05-03
30,618,3,6,12,20,23,37,19,6000000,2016-04-30
30,617,4,5,6,13,31,32,30,5500000,2016-04-26
30,616,1,2,5,13,18,20,30,5400000,2016-04-23
30,615,5,8,14,22,26,28,12,5300000,2016-04-19
30,614,7,12,13,14,21,29,8,5200000,2016-04-16
30,613,3,4,19,27,36,37,34,5100000,2016-04-12
30,612,1,8,18,20,22,37,3,5000000,2016-04-09
30,611,23,26,28,31,32,36,24,14000000,2016-04-05
30,610,4,8,9,12,21,24,7,13000000,2016-04-02
30,609,9,21,24,28,31,36,33,12000000,2016-03-29
30,608,8,10,12,21,22,31,15,11000000,2016-03-26
30,607,9,21,28,30,31,38,34,10000000,2016-03-22
30,606,1,15,23,26,29,30,10,9000000,2016-03-19
30,605,12,15,21,22,35,36,10,8000000,2016-03-15
30,604,6,20,24,35,36,37,15,7400000,2016-03-12
30,603,6,7,9,22,28,35,5,6600000,2016-03-08
30,602,10,12,16,28,32,38,20,5700000,2016-03-05
30,601,8,24,25,26,30,32,35,5600000,2016-03-01
30,600,2,3,9,29,30,38,14,5500000,2016-02-27
30,599,7,15,22,27,37,39,21,5400000,2016-02-23
30,598,5,7,13,27,28,30,4,5200000,2016-02-20
30,597,3,4,8,12,27,38,24,5000000,2016-02-16
30,596,2,3,15,27,30,35,33,7000000,2016-02-13
30,595,2,5,15,18,21,22,6,6500000,2016-02-09
30,594,4,6,11,18,19,22,12,6000000,2016-02-06
30,593,14,19,21,25,34,35,28,5500000,2016-02-02
30,592,2,3,7,22,25,30,6,5000000,2016-01-30
30,591,6,17,20,24,26,28,3,20500000,2016-01-26
30,590,1,10,19,24,32,35,36,19000000,2016-01-23
30,589,10,12,20,23,31,36,15,18000000,2016-01-19
30,588,11,13,27,29,30,31,34,16500000,2016-01-16
30,587,2,10,13,26,35,39,7,15500000,2016-01-12
30,586,7,17,28,34,37,39,6,14500000,2016-01-09
30,585,5,6,13,31,33,39,11,13500000,2016-01-05
30,584,8,10,19,29,37,39,31,12000000,2016-01-02
30,583,1,6,8,10,27,34,29,11000000,2015-12-29
30,582,7,11,15,18,34,35,6,10000000,2015-12-26
30,581,9,11,22,29,31,33,32,9000000,2015-12-22
30,580,5,18,19,20,27,35,33,8500000,2015-12-19
30,579,11,14,15,19,27,35,17,8000000,2015-12-15
30,578,2,4,15,22,25,38,30,7500000,2015-12-12
30,577,15,17,23,28,30,35,22,7000000,2015-12-08
30,576,1,4,17,19,30,35,22,6500000,2015-12-05
30,575,4,5,10,19,22,37,2,6000000,2015-12-01
30,574,6,22,24,25,26,28,12,5500000,2015-11-28
30,573,6,18,19,20,25,36,26,5000000,2015-11-24
30,572,2,11,14,16,29,32,7,44500000,2015-11-21
30,571,6,11,16,20,22,31,35,43000000,2015-11-17
30,570,4,6,12,24,37,38,27,42000000,2015-11-14
30,569,5,8,10,11,12,39,3,40500000,2015-11-10
30,568,11,20,25,26,31,35,27,39000000,2015-11-07
30,567,1,7,10,15,19,39,28,38000000,2015-11-03
30,566,2,6,22,25,26,33,7,36500000,2015-10-31
30,565,1,3,12,16,20,22,8,35500000,2015-10-27
30,564,2,4,17,20,24,33,8,34500000,2015-10-24
30,563,5,12,21,23,34,38,9,33000000,2015-10-20
30,562,9,13,24,25,29,38,30,32000000,2015-10-17
30,561,1,11,24,26,32,33,12,31000000,2015-10-13
30,560,6,10,14,15,29,33,17,29500000,2015-10-10
30,559,27,30,32,35,36,38,15,28500000,2015-10-06
30,558,7,14,16,25,31,38,4,27000000,2015-10-03
30,557,1,3,16,26,33,34,8,26000000,2015-09-29
30,556,8,19,21,29,33,39,20,25000000,2015-09-26
30,555,1,9,20,27,32,36,30,24000000,2015-09-22
30,554,1,14,21,24,29,32,3,22500000,2015-09-19
30,553,2,3,8,9,12,37,33,21500000,2015-09-15
30,552,10,12,16,22,31,34,24,20500000,2015-09-12
30,551,7,10,11,13,23,26,25,19500000,2015-09-08
30,550,10,13,19,21,24,25,1,18500000,2015-09-05
30,549,10,14,16,22,27,28,31,17500000,2015-09-01
30,548,10,15,24,31,36,38,12,16500000,2015-08-29
30,547,1,3,12,19,30,35,37,15500000,2015-08-25
30,546,4,8,10,17,18,36,39,14500000,2015-08-22
30,545,7,20,25,26,36,37,6,13500000,2015-08-18
30,544,2,4,5,20,22,26,38,12500000,2015-08-15
30,543,9,10,16,17,18,34,15,11500000,2015-08-11
30,542,1,12,17,22,30,31,4,11000000,2015-08-08
30,541,12,19,22,24,28,38,4,10000000,2015-08-04
30,540,4,5,32,34,37,38,2,8500000,2015-08-01
30,539,12,20,24,28,38,39,18,7500000,2015-07-28
30,538,4,19,27,28,36,38,9,6500000,2015-07-25
30,537,7,10,23,27,31,39,16,6000000,2015-07-21
30,536,11,14,19,23,31,37,8,5500000,2015-07-18
30,535,5,15,20,21,24,31,12,5400000,2015-07-14
30,534,14,15,20,23,26,38,34,5300000,2015-07-11
30,533,5,8,17,21,26,34,10,5200000,2015-07-07
30,532,9,15,23,24,31,35,3,5100000,2015-07-04
30,531,8,9,15,19,29,39,14,5000000,2015-06-30
30,530,3,10,13,20,33,38,35,41000000,2015-06-27
30,529,10,22,23,25,33,39,20,39000000,2015-06-23
30,528,18,20,23,24,26,35,16,38000000,2015-06-20
30,527,10,25,26,30,36,38,19,37000000,2015-06-16
30,526,8,14,17,28,29,31,7,36000000,2015-06-13
30,525,4,20,22,28,31,34,7,34500000,2015-06-09
30,524,6,12,18,24,25,31,37,33000000,2015-06-06
30,523,6,14,18,32,34,36,22,32000000,2015-06-02
30,522,3,4,7,9,10,32,24,30500000,2015-05-30
30,521,7,17,20,32,34,39,22,29500000,2015-05-26
30,520,4,9,11,12,17,26,29,28500000,2015-05-23
30,519,2,15,17,31,34,38,35,27000000,2015-05-19
30,518,6,12,16,18,33,36,5,26000000,2015-05-16
30,517,2,5,16,21,25,31,28,25000000,2015-05-12
30,516,5,17,20,26,27,33,38,24000000,2015-05-09
30,515,3,7,9,25,29,32,33,23000000,2015-05-05
30,514,9,11,20,27,31,32,37,21500000,2015-05-02
30,513,4,19,26,28,34,36,8,20500000,2015-04-28
30,512,6,10,13,14,34,36,29,19500000,2015-04-25
30,511,1,24,25,29,37,38,5,18500000,2015-04-21
30,510,9,15,18,26,32,34,33,17500000,2015-04-18
30,509,5,6,11,12,22,26,31,16500000,2015-04-14
30,508,4,12,14,16,26,39,3,15500000,2015-04-11
30,507,4,5,27,29,33,36,11,14600000,2015-04-07
30,506,8,11,15,24,33,39,32,14000000,2015-04-04
30,505,3,7,15,16,32,38,5,13000000,2015-03-31
30,504,4,5,10,14,31,39,34,12000000,2015-03-28
30,503,16,21,22,25,32,33,36,11000000,2015-03-24
30,502,10,13,15,23,24,27,11,10200000,2015-03-21
30,501,2,19,23,32,35,39,29,9400000,2015-03-17
30,500,5,10,20,22,30,34,26,8300000,2015-03-14
30,499,3,14,17,21,23,35,29,7500000,2015-03-10
30,498,1,3,5,24,34,37,30,6700000,2015-03-07
30,497,7,8,21,28,32,38,14,6200000,2015-03-03
30,496,1,13,18,22,24,39,35,6100000,2015-02-28
30,495,4,7,8,9,11,26,37,6000000,2015-02-24
30,494,1,5,7,25,26,38,33,5900000,2015-02-21
30,493,14,18,25,26,29,39,9,5600000,2015-02-17
30,492,4,5,9,22,33,39,17,5300000,2015-02-14
30,491,1,8,9,14,23,26,31,5000000,2015-02-10
30,490,1,2,20,23,27,29,33,32000000,2015-02-07
30,489,4,9,10,35,38,39,8,31000000,2015-02-03
30,488,3,9,13,29,32,36,6,29500000,2015-01-31
30,487,10,14,18,27,33,35,26,28000000,2015-01-27
30,486,1,4,13,26,29,32,12,25000000,2015-01-24
30,485,6,15,20,24,26,39,37,22000000,2015-01-20
30,484,10,22,26,28,32,33,30,18500000,2015-01-17
30,483,2,10,11,19,33,35,8,17000000,2015-01-13
30,482,9,15,19,24,30,34,31,15500000,2015-01-10
30,481,1,2,12,13,17,24,14,13600000,2015-01-06
30,480,1,13,17,22,25,31,23,13300000,2015-01-03
30,479,10,11,21,31,34,38,24,13000000,2014-12-30
30,478,9,13,14,34,36,38,19,12700000,2014-12-27
30,477,8,12,14,28,34,35,6,12400000,2014-12-23
30,476,2,11,16,17,32,37,13,12100000,2014-12-20
30,475,6,11,20,25,31,39,13,11800000,2014-12-16
30,474,10,15,16,22,26,33,27,11500000,2014-12-13
30,473,10,11,16,17,19,26,14,11200000,2014-12-09
30,472,2,3,8,12,30,33,27,10900000,2014-12-06
30,471,1,4,5,17,24,34,6,10600000,2014-12-02
30,470,7,8,10,20,21,25,6,10300000,2014-11-29
30,469,2,6,11,12,17,21,4,10000000,2014-11-25
30,468,3,4,12,14,19,20,34,9700000,2014-11-22
30,467,4,14,15,21,24,31,9,9400000,2014-11-18
30,466,1,8,16,17,20,30,13,9100000,2014-11-15
30,465,10,21,23,32,34,39,29,8800000,2014-11-11
30,464,11,24,25,27,32,34,23,8500000,2014-11-08
30,463,1,3,7,12,18,37,21,8200000,2014-11-04
30,462,2,5,7,9,19,35,34,7900000,2014-11-01
30,461,2,10,29,31,36,37,38,7600000,2014-10-28
30,460,4,13,22,24,33,39,27,7300000,2014-10-25
30,459,10,29,30,32,33,34,38,7000000,2014-10-21
30,458,9,16,19,21,33,38,30,6750000,2014-10-18
30,457,8,10,11,20,22,37,14,6500000,2014-10-14
30,456,4,5,8,9,21,29,31,5000000,2014-10-11
30,455,1,11,12,29,33,37,32,5500000,2014-10-07
30,454,6,8,13,14,15,20,12,5000000,2014-10-04
30,453,6,17,28,30,36,38,33,9500000,2014-09-30
30,452,6,12,24,25,33,39,26,9000000,2014-09-27
30,451,5,7,14,19,21,24,33,8500000,2014-09-23
30,450,12,19,22,24,35,38,36,8000000,2014-09-20
30,449,11,12,14,22,26,36,4,7500000,2014-09-16
30,448,3,10,13,24,31,33,26,7000000,2014-09-13
30,447,9,10,19,24,25,33,12,6500000,2014-09-09
30,446,1,11,19,23,24,27,20,6000000,2014-09-06
30,445,5,11,13,16,18,26,37,5500000,2014-09-02
30,444,24,25,26,28,31,38,10,5000000,2014-08-30
30,443,4,8,9,25,34,36,24,9500000,2014-08-26
30,442,4,5,17,22,25,34,36,9000000,2014-08-23
30,441,1,2,10,17,22,38,8,8500000,2014-08-19
30,440,21,29,31,34,36,39,38,8000000,2014-08-16
30,439,1,6,23,25,30,34,2,7500000,2014-08-12
30,438,11,14,21,24,25,32,6,7000000,2014-08-09
30,437,9,15,19,20,26,34,22,6500000,2014-08-05
30,436,6,8,10,13,16,21,15,6000000,2014-08-02
30,435,7,12,20,22,25,34,30,5500000,2014-07-29
30,434,3,4,18,19,20,25,36,5000000,2014-07-26
30,433,22,23,30,32,35,37,2,7500000,2014-07-22
30,432,4,9,18,26,27,39,10,7000000,2014-07-19
30,431,2,9,13,17,26,27,28,6500000,2014-07-15
30,430,2,4,7,19,27,35,13,6000000,2014-07-12
30,429,1,13,16,17,31,34,8,5500000,2014-07-08
30,428,14,17,19,24,28,33,9,5000000,2014-07-05
30,427,4,6,13,19,25,36,17,11500000,2014-07-01
30,426,1,17,20,26,38,39,37,11000000,2014-06-28
30,425,1,12,15,18,23,27,16,10500000,2014-06-24
30,424,1,3,4,12,19,32,16,10000000,2014-06-21
30,423,11,14,20,21,30,33,28,9500000,2014-06-17
30,422,8,13,25,34,36,37,27,9000000,2014-06-14
30,421,8,18,24,27,28,30,23,8500000,2014-06-10
30,420,4,7,17,18,25,32,5,8000000,2014-06-07
30,419,9,22,31,33,37,39,3,7500000,2014-06-03
30,418,7,12,14,21,25,26,29,7000000,2014-05-31
30,417,5,6,12,16,19,28,27,6500000,2014-05-27
30,416,6,16,17,25,29,34,27,6000000,2014-05-24
30,415,4,5,6,12,17,25,21,5500000,2014-05-20
30,414,1,4,14,16,20,23,38,5000000,2014-05-17
30,413,8,22,25,27,32,36,34,8000000,2014-05-13
30,412,4,7,15,19,21,29,12,7500000,2014-05-10
30,411,2,12,20,35,36,39,38,7000000,2014-05-06
30,410,1,15,16,23,29,37,4,6500000,2014-05-03
30,409,8,14,33,34,38,39,22,6000000,2014-04-29
30,408,3,16,23,25,31,38,37,5500000,2014-04-26
30,407,8,10,14,18,32,33,17,5000000,2014-04-22
30,406,3,14,22,27,35,39,38,5000000,2014-04-19
30,405,6,13,15,16,19,38,4,13500000,2014-04-15
30,404,8,14,22,32,38,39,13,12500000,2014-04-12
30,403,7,13,16,24,37,39,28,12000000,2014-04-08
30,402,1,10,26,35,37,39,17,11000000,2014-04-05
30,401,7,10,15,24,26,31,38,10500000,2014-04-01
30,400,10,11,12,22,26,30,15,10000000,2014-03-29
30,399,3,7,8,19,20,31,38,9500000,2014-03-25
30,398,7,9,12,15,22,31,30,9000000,2014-03-22
30,397,11,21,26,27,33,34,38,8500000,2014-03-18
30,396,12,17,23,25,33,36,38,8000000,2014-03-15
30,395,7,13,18,30,36,37,10,7500000,2014-03-11
30,394,5,9,18,23,32,37,1,7000000,2014-03-08
30,393,8,10,23,26,33,38,25,6500000,2014-03-04
30,392,5,11,14,15,18,32,2,6000000,2014-03-01
30,391,1,3,9,11,20,32,17,5500000,2014-02-25
30,390,5,18,23,34,37,38,29,5000000,2014-02-22
30,389,18,24,28,31,34,37,7,5000000,2014-02-18
30,388,7,9,10,26,31,37,33,22000000,2014-02-15
30,387,3,6,10,16,31,37,19,21000000,2014-02-11
30,386,3,14,17,19,31,35,27,20000000,2014-02-08
30,385,19,20,22,24,27,35,7,19000000,2014-02-04
30,384,13,25,28,31,34,36,15,18000000,2014-02-01
30,383,3,8,12,22,28,39,16,17000000,2014-01-28
30,382,1,2,13,20,31,38,11,16000000,2014-01-25
30,381,4,5,13,21,38,39,19,15000000,2014-01-21
30,380,4,6,16,26,30,34,22,14000000,2014-01-18
30,379,4,7,14,32,37,38,16,13000000,2014-01-14
30,378,7,10,12,26,32,36,17,12000000,2014-01-11
30,377,3,15,18,24,27,36,23,11000000,2014-01-07
30,376,4,11,16,25,29,39,30,10500000,2014-01-04
30,375,2,12,13,18,21,34,19,10000000,2013-12-31
30,374,12,15,18,20,21,28,29,9500000,2013-12-28
30,373,1,2,12,18,21,25,26,9000000,2013-12-24
30,372,2,4,16,25,33,38,28,8500000,2013-12-21
30,371,11,17,18,28,31,36,33,8000000,2013-12-17
30,370,10,16,22,35,36,38,27,7500000,2013-12-14
30,369,1,8,20,21,27,36,12,7000000,2013-12-10
30,368,10,14,18,22,27,33,13,6500000,2013-12-07
30,367,14,16,17,25,26,38,15,6000000,2013-12-03
30,366,16,17,25,28,36,39,38,5500000,2013-11-30
30,365,14,18,21,29,34,38,33,5000000,2013-11-26
30,364,8,13,19,21,23,31,17,6000000,2013-11-23
30,363,6,10,11,17,23,34,37,5500000,2013-11-19
30,362,3,6,8,18,26,30,35,5000000,2013-11-16
30,361,8,20,27,29,32,39,5,8500000,2013-11-12
30,360,1,22,25,26,27,32,23,8000000,2013-11-09
30,359,5,13,17,18,32,35,8,7500000,2013-11-05
30,358,6,9,13,14,20,37,38,7000000,2013-11-02
30,357,1,12,16,21,28,39,24,6500000,2013-10-29
30,356,1,4,10,11,21,29,2,6000000,2013-10-26
30,355,1,2,6,8,23,31,39,5500000,2013-10-22
30,354,1,13,25,32,34,35,19,5000000,2013-10-19
30,353,7,20,23,24,28,33,12,9500000,2013-10-15
30,352,20,21,22,24,31,38,33,9000000,2013-10-12
30,351,11,14,27,29,32,33,13,8500000,2013-10-08
30,350,11,12,13,31,34,39,21,8000000,2013-10-05
30,349,3,6,8,17,33,38,16,7500000,2013-10-01
30,348,5,14,16,28,33,39,27,7000000,2013-09-28
30,347,3,10,21,23,25,28,22,6500000,2013-09-24
30,346,4,6,13,16,32,35,33,6000000,2013-09-21
30,345,1,3,22,29,33,34,25,5500000,2013-09-17
30,344,4,12,18,27,31,34,2,5000000,2013-09-14
30,343,9,21,24,33,36,37,18,17500000,2013-09-10
30,342,4,5,10,24,26,37,9,17000000,2013-09-07
30,341,12,13,15,20,26,38,1,16000000,2013-09-03
30,340,2,22,23,24,31,39,27,15000000,2013-08-31
30,339,5,18,24,25,35,38,4,14000000,2013-08-27
30,338,1,11,13,17,21,27,29,13000000,2013-08-24
30,337,6,12,21,24,25,36,20,12000000,2013-08-20
30,336,3,7,12,18,34,35,30,11500000,2013-08-17
30,335,8,11,17,31,36,38,37,11000000,2013-08-13
30,334,2,6,9,20,21,25,35,10500000,2013-08-10
30,333,4,8,15,19,33,35,9,10000000,2013-08-06
30,332,2,4,17,31,37,38,11,9500000,2013-08-03
30,331,11,13,23,32,37,39,9,9000000,2013-07-30
30,330,7,9,16,19,30,37,14,8500000,2013-07-27
30,329,1,2,10,14,19,32,8,8000000,2013-07-23
30,328,20,22,25,29,31,32,8,7500000,2013-07-20
30,327,3,7,14,17,24,25,37,7000000,2013-07-16
30,326,6,7,22,25,27,31,38,6500000,2013-07-13
30,325,5,11,20,25,26,29,14,6000000,2013-07-09
30,324,10,13,24,26,27,31,1,5500000,2013-07-06
30,323,1,7,12,24,27,29,25,5000000,2013-07-02
30,322,1,4,13,21,29,36,30,7500000,2013-06-29
30,321,9,13,18,29,35,39,34,7000000,2013-06-25
30,320,4,5,19,25,36,39,9,6500000,2013-06-22
30,319,1,7,25,31,32,37,24,6000000,2013-06-18
30,318,2,23,27,28,29,30,18,5500000,2013-06-15
30,317,4,7,19,22,30,36,33,5000000,2013-06-11
30,316,18,24,27,32,35,39,38,7000000,2013-06-08
30,315,13,21,25,29,32,37,3,6500000,2013-06-04
30,314,1,13,20,23,31,35,10,6000000,2013-06-01
30,313,6,15,25,29,37,39,13,5500000,2013-05-28
30,312,1,15,18,19,21,27,36,5000000,2013-05-25
30,311,5,12,24,27,28,35,26,8000000,2013-05-21
30,310,7,10,11,14,16,32,13,7500000,2013-05-18
30,309,3,5,8,14,17,33,18,7000000,2013-05-14
30,308,6,11,18,24,31,34,33,6500000,2013-05-11
30,307,4,7,14,21,34,37,26,6000000,2013-05-07
30,306,2,10,19,26,37,39,4,5500000,2013-05-04
30,305,2,11,13,20,24,35,10,5000000,2013-04-30
30,304,1,11,12,21,23,36,14,10000000,2013-04-27
30,303,3,14,16,35,37,39,30,9500000,2013-04-23
30,302,2,4,8,14,23,38,11,9000000,2013-04-20
30,301,5,11,22,23,31,35,7,8500000,2013-04-16
30,300,3,17,24,26,30,34,20,8000000,2013-04-13
30,299,17,18,25,31,34,35,16,7500000,2013-04-09
30,298,5,15,16,30,31,38,20,7000000,2013-04-06
30,297,2,22,27,29,31,37,13,6500000,2013-04-02
30,296,1,2,24,31,32,33,20,6000000,2013-03-30
30,295,11,15,18,26,28,38,6,5500000,2013-03-26
30,294,13,18,25,27,28,30,12,5000000,2013-03-23
30,293,2,3,12,21,29,39,23,21000000,2013-03-19
30,292,8,13,21,23,24,28,12,20000000,2013-03-16
30,291,10,14,20,27,28,32,22,19000000,2013-03-12
30,290,2,14,28,29,30,37,7,18000000,2013-03-09
30,289,1,15,19,24,32,38,28,17000000,2013-03-05
30,288,6,9,16,21,31,34,3,16000000,2013-03-02
30,287,1,4,16,22,32,33,7,15000000,2013-02-26
30,286,6,7,8,10,16,27,29,14000000,2013-02-23
30,285,2,7,15,17,25,37,29,13000000,2013-02-19
30,284,1,2,3,13,18,19,15,12000000,2013-02-16
30,283,1,3,25,29,35,37,7,11000000,2013-02-12
30,282,8,16,17,21,26,37,23,10500000,2013-02-09
30,281,14,15,19,21,24,35,31,10000000,2013-02-05
30,280,2,6,9,17,30,36,25,9500000,2013-02-02
30,279,3,15,21,25,26,32,22,9000000,2013-01-29
30,278,11,18,33,34,35,36,2,8500000,2013-01-26
30,277,8,11,19,22,34,37,25,8000000,2013-01-22
30,276,4,14,15,26,33,39,6,7500000,2013-01-19
30,275,3,17,30,31,37,38,35,7000000,2013-01-15
30,274,10,19,25,28,32,39,3,6500000,2013-01-12
30,273,5,10,17,24,27,37,19,6000000,2013-01-08
30,272,1,5,19,26,31,34,13,5500000,2013-01-05
30,271,5,7,8,12,23,36,14,5000000,2013-01-01
30,270,5,12,15,18,32,37,25,25000000,2012-12-29
30,269,4,8,14,15,29,37,2,24500000,2012-12-25
30,268,1,2,10,23,28,37,19,23500000,2012-12-22
30,267,7,9,23,24,28,29,33,22500000,2012-12-18
30,266,4,6,13,25,33,36,16,21500000,2012-12-15
30,265,5,6,13,14,29,32,2,20500000,2012-12-11
30,264,7,14,15,20,35,37,12,19500000,2012-12-08
30,263,6,9,30,35,38,39,8,18500000,2012-12-04
30,262,4,5,20,27,30,32,14,17500000,2012-12-01
30,261,16,25,29,34,36,38,31,16500000,2012-11-27
30,260,5,6,19,21,25,33,10,16000000,2012-11-24
30,259,2,7,12,20,34,35,11,15000000,2012-11-20
30,258,9,11,16,17,26,28,38,14000000,2012-11-17
30,257,3,8,13,16,19,25,31,13000000,2012-11-13
30,256,3,5,7,13,15,37,2,12000000,2012-11-10
30,255,8,16,24,30,32,34,38,11500000,2012-11-06
30,254,2,4,12,14,19,33,6,11000000,2012-11-03
30,253,4,9,14,17,31,34,25,10500000,2012-10-30
30,252,3,19,20,25,37,39,6,10000000,2012-10-27
30,251,1,16,19,32,35,36,14,9500000,2012-10-23
30,250,4,6,16,32,36,39,14,9000000,2012-10-20
30,249,6,11,14,24,37,38,4,8500000,2012-10-16
30,248,4,5,7,14,15,26,36,8000000,2012-10-13
30,247,4,9,24,25,36,39,17,7500000,2012-10-09
30,246,10,14,15,31,33,36,29,7000000,2012-10-06
30,245,4,18,25,26,36,37,15,6500000,2012-10-02
30,244,2,13,17,18,24,38,37,6000000,2012-09-29
30,243,8,12,20,24,25,36,3,5500000,2012-09-25
30,242,3,13,17,20,22,34,25,5000000,2012-09-22
30,241,2,17,23,30,33,38,18,21000000,2012-09-18
30,240,10,18,21,27,35,39,8,20000000,2012-09-15
30,239,2,3,18,30,31,39,32,19000000,2012-09-11
30,238,6,9,12,19,20,32,11,18000000,2012-09-08
30,237,5,6,10,16,29,38,30,17000000,2012-09-04
30,236,9,16,20,22,24,27,28,16000000,2012-09-01
30,235,6,16,18,19,30,37,38,15000000,2012-08-28
30,234,2,3,4,25,34,39,8,14000000,2012-08-25
30,233,17,24,27,32,36,38,15,13000000,2012-08-21
30,232,7,8,13,16,29,35,9,12500000,2012-08-18
30,231,1,4,11,20,26,37,38,11500000,2012-08-14
30,230,4,15,18,23,29,34,25,11000000,2012-08-11
30,229,13,15,16,17,24,33,31,10500000,2012-08-07
30,228,1,6,14,15,33,36,22,10000000,2012-08-04
30,227,16,21,25,29,34,36,10,9500000,2012-07-31
30,226,7,10,13,25,30,38,22,9000000,2012-07-28
30,225,1,2,7,20,21,33,6,8500000,2012-07-24
30,224,4,9,12,17,18,37,20,8000000,2012-07-21
30,223,1,8,10,12,20,37,39,7500000,2012-07-17
30,222,8,16,17,18,25,38,4,7000000,2012-07-14
30,221,7,8,13,27,33,35,4,6500000,2012-07-10
30,220,3,9,26,29,38,39,14,6000000,2012-07-07
30,219,4,15,19,27,28,36,7,5500000,2012-07-03
30,218,3,7,11,14,21,24,2,5000000,2012-06-30
30,217,6,13,20,29,35,37,5,5000000,2012-06-26
30,216,3,4,18,21,29,35,37,9500000,2012-06-23
30,215,6,9,17,20,37,39,1,9000000,2012-06-19
30,214,3,6,9,24,38,39,36,8500000,2012-06-16
30,213,13,17,18,21,26,34,27,8000000,2012-06-12
30,212,6,7,14,16,21,35,36,7500000,2012-06-09
30,211,7,12,18,27,28,29,4,7000000,2012-06-05
30,210,8,15,18,19,20,30,2,6500000,2012-06-02
30,209,3,11,16,20,29,36,8,6000000,2012-05-29
30,208,12,21,28,31,33,35,39,5500000,2012-05-26
30,207,7,20,22,23,24,38,29,5000000,2012-05-22
30,206,23,29,30,32,34,37,22,5000000,2012-05-19
30,205,8,9,15,16,22,29,3,8500000,2012-05-15
30,204,2,6,7,12,30,37,4,8000000,2012-05-12
30,203,6,8,9,15,34,35,25,7500000,2012-05-08
30,202,5,7,19,23,32,35,1,7000000,2012-05-05
30,201,7,15,16,17,20,32,26,6500000,2012-05-01
30,200,9,20,22,27,37,38,30,6000000,2012-04-28
30,199,3,14,23,24,25,26,35,5500000,2012-04-24
30,198,5,6,9,10,15,35,32,5000000,2012-04-21
30,197,3,18,28,30,32,36,33,31000000,2012-04-17
30,196,7,8,11,15,19,30,33,30000000,2012-04-14
30,195,15,19,23,24,29,33,3,29000000,2012-04-10
30,194,5,8,11,13,18,25,4,28000000,2012-04-07
30,193,11,16,18,30,32,33,14,26500000,2012-04-03
30,192,2,10,24,27,28,36,39,25500000,2012-03-31
30,191,1,16,23,26,28,34,12,24500000,2012-03-27
30,190,5,12,28,29,34,36,39,23500000,2012-03-24
30,189,5,6,10,15,29,35,9,22500000,2012-03-20
30,188,10,12,14,31,34,35,11,21500000,2012-03-17
30,187,3,7,21,27,29,37,15,20500000,2012-03-13
30,186,1,7,22,29,30,38,8,19500000,2012-03-10
30,185,8,10,12,17,19,33,16,18500000,2012-03-06
30,184,3,9,10,15,22,29,31,17500000,2012-03-03
30,183,2,10,13,18,24,34,19,16500000,2012-02-28
30,182,9,14,16,20,27,33,38,15500000,2012-02-25
30,181,4,7,9,12,21,37,39,14500000,2012-02-21
30,180,1,4,10,26,27,34,15,13500000,2012-02-18
30,179,4,16,23,24,28,37,1,12500000,2012-02-14
30,178,6,13,15,36,37,39,26,11500000,2012-02-11
30,177,2,14,16,19,32,38,1,10500000,2012-02-07
30,176,3,5,19,24,31,33,39,10000000,2012-02-04
30,175,1,17,19,29,31,35,4,9500000,2012-01-31
30,174,1,11,14,21,24,27,17,9000000,2012-01-28
30,173,2,9,12,16,17,26,36,8500000,2012-01-24
30,172,1,2,5,17,20,25,22,8000000,2012-01-21
30,171,3,8,19,21,28,31,25,7500000,2012-01-17
30,170,4,6,21,22,25,35,27,7000000,2012-01-14
30,169,2,3,4,24,26,32,7,6500000,2012-01-10
30,168,2,9,16,24,37,39,11,6000000,2012-01-07
30,167,3,16,22,23,31,33,28,5500000,2012-01-03
30,166,3,4,15,25,29,38,19,5000000,2011-12-31
30,165,4,18,19,21,34,38,27,8500000,2011-12-27
30,164,1,2,20,24,32,33,28,8000000,2011-12-24
30,163,6,11,13,21,25,36,19,7500000,2011-12-20
30,162,11,15,19,21,24,28,34,7000000,2011-12-17
30,161,3,17,20,24,33,36,6,6500000,2011-12-13
30,160,3,20,24,33,35,36,10,6000000,2011-12-10
30,159,1,6,12,26,30,37,19,5500000,2011-12-06
30,158,1,10,13,17,18,19,35,5000000,2011-12-03
30,157,17,21,26,28,36,37,31,11000000,2011-11-29
30,156,5,6,23,25,26,27,35,10000000,2011-11-26
30,155,4,16,25,33,37,39,30,9500000,2011-11-22
30,154,1,4,5,18,35,38,36,9000000,2011-11-19
30,153,9,18,19,32,34,39,13,8500000,2011-11-15
30,152,10,12,15,24,26,39,34,8000000,2011-11-12
30,151,5,7,11,17,23,32,36,7500000,2011-11-08
30,150,4,19,22,27,30,33,28,7000000,2011-11-05
30,149,2,7,9,30,32,33,13,6500000,2011-11-01
30,148,8,13,16,24,27,33,9,6000000,2011-10-29
30,147,8,12,15,21,36,38,35,5500000,2011-10-25
30,146,5,10,15,16,27,33,3,5000000,2011-10-22
30,145,2,14,15,17,22,28,21,11000000,2011-10-18
30,144,4,12,17,21,30,38,25,10000000,2011-10-15
30,143,6,8,10,22,26,28,30,9500000,2011-10-11
30,142,3,4,7,18,31,35,22,9000000,2011-10-08
30,141,16,17,23,26,31,37,12,8500000,2011-10-04
30,140,16,19,21,27,36,38,14,8000000,2011-10-01
30,139,2,7,9,11,38,39,27,7500000,2011-09-27
30,138,1,6,9,26,28,34,17,7000000,2011-09-24
30,137,2,9,17,20,23,34,39,6500000,2011-09-20
30,136,1,7,18,22,26,35,34,6000000,2011-09-17
30,135,1,6,23,24,28,29,12,5500000,2011-09-13
30,134,8,16,17,18,31,35,32,5000000,2011-09-10
30,133,8,15,26,28,37,39,4,33000000,2011-09-06
30,132,1,13,22,23,28,35,18,32000000,2011-09-03
30,131,2,11,13,17,24,37,18,30000000,2011-08-30
30,130,1,8,18,22,36,37,34,29000000,2011-08-27
30,129,2,14,18,23,32,38,5,28000000,2011-08-23
30,128,7,11,12,16,38,39,19,27000000,2011-08-20
30,127,9,12,15,16,20,21,13,26000000,2011-08-16
30,126,1,15,24,28,31,37,29,25000000,2011-08-13
30,125,14,15,27,32,33,35,3,23000000,2011-08-09
30,124,1,5,15,16,17,30,3,22000000,2011-08-06
30,123,2,11,12,29,30,34,18,21000000,2011-08-02
30,122,2,9,11,25,30,33,6,20000000,2011-07-30
30,121,9,14,18,24,28,33,22,19000000,2011-07-26
30,120,16,25,30,32,38,39,33,18000000,2011-07-23
30,119,4,12,20,22,25,26,24,17000000,2011-07-19
30,118,3,14,17,23,31,33,15,16000000,2011-07-16
30,117,5,12,15,20,23,32,24,15000000,2011-07-12
30,116,3,8,10,11,19,28,31,14000000,2011-07-09
30,115,11,15,18,21,25,34,1,13000000,2011-07-05
30,114,6,16,20,30,31,33,2,12000000,2011-07-02
30,113,2,6,8,10,24,38,16,11000000,2011-06-28
30,112,6,7,8,17,32,36,4,10000000,2011-06-25
30,111,2,15,27,28,31,37,18,9500000,2011-06-21
30,110,9,15,23,28,32,36,19,9000000,2011-06-18
30,109,2,7,8,11,33,36,18,8500000,2011-06-14
30,108,9,10,11,25,32,38,30,8000000,2011-06-11
30,107,12,14,16,17,28,30,24,7500000,2011-06-07
30,106,2,5,7,17,23,29,22,7000000,2011-06-04
30,105,14,16,20,24,37,38,35,6500000,2011-05-31
30,104,9,16,19,25,32,38,8,6000000,2011-05-28
30,103,2,3,5,7,8,19,39,5500000,2011-05-24
30,102,1,7,11,13,22,35,32,5000000,2011-05-21
30,101,3,4,6,17,27,34,7,9000000,2011-05-17
30,100,10,15,25,28,30,39,33,8500000,2011-05-14
30,99,3,6,17,29,30,31,28,8000000,2011-05-10
30,98,5,7,10,15,30,38,34,7500000,2011-05-07
30,97,5,6,15,20,28,31,24,7000000,2011-05-03
30,96,6,11,15,21,37,38,26,6500000,2011-04-30
30,95,4,12,19,25,31,38,24,6000000,2011-04-26
30,94,13,14,21,28,30,38,32,5500000,2011-04-23
30,93,15,16,23,26,29,34,13,5000000,2011-04-19
30,92,3,6,9,23,26,33,19,16500000,2011-04-16
30,91,15,16,21,26,37,39,9,15500000,2011-04-12
30,90,3,13,16,18,29,35,38,14500000,2011-04-09
30,89,4,5,6,18,31,33,36,13500000,2011-04-05
30,88,4,6,31,32,33,34,1,12500000,2011-04-02
30,87,3,9,19,28,31,35,8,11000000,2011-03-29
30,86,18,20,33,35,36,39,31,10000000,2011-03-26
30,85,5,11,13,15,27,37,21,9500000,2011-03-22
30,84,5,20,25,28,35,36,21,9000000,2011-03-19
30,83,1,5,10,13,26,28,33,8500000,2011-03-15
30,82,8,9,20,25,33,35,31,8000000,2011-03-12
30,81,4,7,15,17,23,26,24,7500000,2011-03-08
30,80,10,15,25,28,30,36,34,7000000,2011-03-05
30,79,10,12,16,30,33,34,11,6500000,2011-03-01
30,78,2,6,18,23,27,37,24,6000000,2011-02-26
30,77,15,16,22,27,28,37,12,5500000,2011-02-22
30,76,2,7,19,23,26,37,4,5000000,2011-02-19
30,75,4,10,13,15,20,21,25,10000000,2011-02-15
30,74,8,17,19,37,38,39,1,9000000,2011-02-12
30,73,12,13,25,28,32,33,38,8500000,2011-02-08
30,72,2,3,21,22,32,36,4,8000000,2011-02-05
30,71,10,15,18,28,30,36,27,7500000,2011-02-01
30,70,6,15,25,26,34,38,14,7000000,2011-01-29
30,69,12,17,20,24,29,33,1,6500000,2011-01-25
30,68,12,15,20,25,26,36,29,6000000,2011-01-22
30,67,1,14,16,22,23,25,7,5500000,2011-01-18
30,66,6,11,18,26,32,38,1,5000000,2011-01-15
30,65,3,6,10,15,37,38,19,21500000,2011-01-11
30,64,6,17,21,26,29,34,39,20000000,2011-01-08
30,63,5,9,10,19,21,33,36,19000000,2011-01-04
30,62,7,19,21,22,27,37,32,18000000,2011-01-01
30,61,2,8,19,22,26,38,36,16500000,2010-12-28
30,60,5,7,13,27,29,33,20,16000000,2010-12-25
30,59,2,10,17,23,28,37,3,15000000,2010-12-21
30,58,7,11,21,22,25,31,6,13500000,2010-12-18
30,57,5,19,30,32,35,37,8,12500000,2010-12-14
30,56,6,10,12,16,25,32,5,11000000,2010-12-11
30,55,1,4,6,10,11,18,35,10000000,2010-12-07
30,54,9,11,19,21,27,29,1,9000000,2010-12-04
30,53,13,20,25,28,30,35,15,8500000,2010-11-30
30,52,1,3,5,7,18,37,35,8000000,2010-11-27
30,51,3,7,13,16,21,39,22,7500000,2010-11-23
30,50,5,13,15,22,23,35,34,7000000,2010-11-20
30,49,2,17,35,36,37,38,10,6500000,2010-11-16
30,48,15,20,22,26,29,34,6,6000000,2010-11-13
30,47,4,8,14,17,30,39,18,5500000,2010-11-09
30,46,19,22,23,31,34,38,35,5000000,2010-11-06
30,45,13,16,23,24,29,39,28,7000000,2010-11-02
30,44,16,21,22,29,32,37,23,6500000,2010-10-30
30,43,6,16,19,25,30,38,22,6000000,2010-10-26
30,42,1,19,28,29,31,37,26,5500000,2010-10-23
30,41,7,10,13,15,17,21,11,5000000,2010-10-19
30,40,5,17,20,26,31,37,23,13500000,2010-10-16
30,39,8,15,18,24,26,33,29,12500000,2010-10-12
30,38,3,11,15,18,20,26,7,11500000,2010-10-09
30,37,3,4,13,24,28,32,7,10500000,2010-10-05
30,36,8,15,22,32,33,37,19,9500000,2010-10-02
30,35,9,17,18,28,37,39,2,8500000,2010-09-28
30,34,2,8,9,25,29,36,3,8000000,2010-09-25
30,33,6,9,12,16,35,36,38,7500000,2010-09-21
30,32,15,20,28,29,37,38,1,7000000,2010-09-18
30,31,11,16,19,20,23,34,2,6500000,2010-09-14
30,30,4,11,14,15,23,35,6,6000000,2010-09-11
30,29,2,4,6,13,17,20,15,5500000,2010-09-07
30,28,1,4,15,27,33,37,3,5000000,2010-09-04
30,27,4,5,9,24,29,37,17,24000000,2010-08-31
30,26,1,12,19,21,30,34,20,23000000,2010-08-28
30,25,11,17,24,26,28,33,38,21500000,2010-08-24
30,24,8,12,20,31,34,37,9,20000000,2010-08-21
30,23,3,17,18,20,24,38,22,19000000,2010-08-17
30,22,1,2,23,28,29,33,4,17500000,2010-08-14
30,21,1,8,20,23,28,35,16,16500000,2010-08-10
30,20,1,7,17,29,31,32,19,15000000,2010-08-07
30,19,11,15,35,37,38,39,24,13500000,2010-08-03
30,18,14,17,20,24,32,37,35,12000000,2010-07-31
30,17,12,18,21,22,32,37,19,11000000,2010-07-27
30,16,2,5,8,26,32,34,31,10000000,2010-07-24
30,15,2,10,23,32,33,39,7,9000000,2010-07-20
30,14,9,22,26,27,28,37,35,8500000,2010-07-17
30,13,1,2,4,12,17,33,8,8000000,2010-07-13
30,12,6,20,30,33,34,36,35,7000000,2010-07-10
30,11,2,6,12,25,28,31,18,6500000,2010-07-06
30,10,8,13,18,19,21,34,14,6000000,2010-07-03
30,9,9,11,15,20,31,36,23,5500000,2010-06-29
30,8,1,2,5,6,10,11,15,5000000,2010-06-26
30,7,5,16,26,31,34,35,2,6500000,2010-06-22
30,6,2,9,11,22,26,27,20,6000000,2010-06-19
30,5,1,3,7,21,24,32,13,5500000,2010-06-15
30,4,3,4,18,21,22,26,13,5000000,2010-06-12
30,3,15,16,23,27,35,37,26,6500000,2010-06-08
30,2,5,6,8,19,21,33,13,6000000,2010-06-05
30,1,6,13,14,21,25,35,37,5500000,2010-06-01
